structure,measurement,left_fit_index,right_fit_index,left_resonance_wavelength_nm,right_resonance_wavelength_nm,center_wavelength_nm,sigma_center_wavelength_nm,center_frequency_thz,fsr_nm,sigma_fsr_nm,ng_pair,sigma_ng_pair,ng_fit,sigma_ng_fit
mple 73  Diameter 100 um Coupling Distance 0.05 um SECOND MEASUREMENT,5041,86,23,1544.98786621,1546.70566663,1545.84676642,0.00110970692584,193.934136625,1.71780041763,0.00221941385168,13.9110585881,0.0179732260324,13.0735516039,0.559509563674
mple 73  Diameter 100 um Coupling Distance 0.05 um SECOND MEASUREMENT,5041,115,51,1592.38914979,1594.38136965,1593.38525972,7.67831997731e-05,188.148130637,1.99221985275,0.000153566399546,12.7439578639,0.000982344017962,13.0735516039,0.559509563674
mple 73  Diameter 100 um Coupling Distance 0.05 um SECOND MEASUREMENT,5041,116,52,1594.38136965,1596.36795841,1595.37466403,0.000119309682542,187.913513207,1.98658876885,0.000238619365084,12.812014034,0.00153891790407,13.0735516039,0.559509563674
mple 73  Diameter 100 um Coupling Distance 0.05 um SECOND MEASUREMENT,5041,117,53,1596.36795841,1598.35714695,1597.36255268,0.000150191879666,187.679658257,1.98918853122,0.000300383759332,12.8271759296,0.00193701011968,13.0735516039,0.559509563674
