structure,measurement,left_fit_index,right_fit_index,left_resonance_wavelength_nm,right_resonance_wavelength_nm,center_wavelength_nm,sigma_center_wavelength_nm,center_frequency_thz,fsr_nm,sigma_fsr_nm,ng_pair,sigma_ng_pair,ng_fit,sigma_ng_fit
mple 76 Diameter 100 um Coupling Distance 0.09 SECOND MEASUREMENT,5039,66,10,1534.45634134,1536.30995356,1535.38314745,5.9157784982e-05,195.255795596,1.8536122205,0.000118315569964,12.7178780081,0.000811779327512,12.7766372042,0.0400766530823
mple 76 Diameter 100 um Coupling Distance 0.09 SECOND MEASUREMENT,5039,71,14,1541.87028891,1543.73682228,1542.8035556,6.29035725688e-05,194.316675582,1.86653336299,0.000125807145138,12.7522114437,0.000859518785922,12.7766372042,0.0400766530823
mple 76 Diameter 100 um Coupling Distance 0.09 SECOND MEASUREMENT,5039,77,20,1551.23190146,1553.11376617,1552.17283381,6.43235393861e-05,193.143734686,1.88186470977,0.000128647078772,12.8024107871,0.000875192542237,12.7766372042,0.0400766530823
mple 76 Diameter 100 um Coupling Distance 0.09 SECOND MEASUREMENT,5039,78,21,1553.11376617,1554.99894275,1554.05635446,6.52699681257e-05,192.909643939,1.88517658557,0.000130539936251,12.8109545351,0.000887101203985,12.7766372042,0.0400766530823
mple 76 Diameter 100 um Coupling Distance 0.09 SECOND MEASUREMENT,5039,81,25,1558.80075605,1560.70143931,1559.75109768,9.90205251913e-05,192.205319455,1.90068325635,0.000198041050383,12.7997312471,0.00133366466737,12.7766372042,0.0400766530823
