structure,measurement,left_fit_index,right_fit_index,left_resonance_wavelength_nm,right_resonance_wavelength_nm,center_wavelength_nm,sigma_center_wavelength_nm,center_frequency_thz,fsr_nm,sigma_fsr_nm,ng_pair,sigma_ng_pair,ng_fit,sigma_ng_fit
mple 84  Diameter 100 um Coupling Distance 0.13 um,5040,56,5,1527.08748583,1528.9122197,1527.99985276,3.03375733483e-05,196.199271524,1.82473386715,6.06751466965e-05,12.7952003965,0.000425459969053,11.5114959835,2.86872078443
mple 84  Diameter 100 um Coupling Distance 0.13 um,5040,5,59,1528.9122197,1532.58494712,1530.74858341,2.64129003302e-05,195.846960924,3.67272742809,5.28258006604e-05,6.37997583944,9.17651278467e-05,11.5114959835,2.86872078443
mple 84  Diameter 100 um Coupling Distance 0.13 um,5040,59,8,1532.58494712,1534.42901533,1533.50698123,2.70464840651e-05,195.494680931,1.84406820946,5.40929681302e-05,12.7524765592,0.000374074995336,11.5114959835,2.86872078443
mple 84  Diameter 100 um Coupling Distance 0.13 um,5040,8,60,1534.42901533,1534.42901533,1534.42901533,2.87843825741e-05,195.377208723,0,5.75687651483e-05,,,11.5114959835,2.86872078443
mple 84  Diameter 100 um Coupling Distance 0.13 um,5040,60,9,1534.42901533,1536.26886439,1535.34893986,2.93730275464e-05,195.260145897,1.8398490562,5.87460550928e-05,12.8124443643,0.000409099377138,11.5114959835,2.86872078443
mple 84  Diameter 100 um Coupling Distance 0.13 um,5040,9,61,1536.26886439,1536.26886439,1536.26886439,2.9950105414e-05,195.143223266,0,5.99002108281e-05,,,11.5114959835,2.86872078443
mple 84  Diameter 100 um Coupling Distance 0.13 um,5040,61,10,1536.26886439,1538.11241944,1537.19064191,3.12563873863e-05,195.026205485,1.84355504875,6.25127747726e-05,12.8173827583,0.000434622626709,11.5114959835,2.86872078443
