structure,measurement,left_fit_index,right_fit_index,left_resonance_wavelength_nm,right_resonance_wavelength_nm,center_wavelength_nm,sigma_center_wavelength_nm,center_frequency_thz,fsr_nm,sigma_fsr_nm,ng_pair,sigma_ng_pair,ng_fit,sigma_ng_fit
mple 72  Diameter 100 um Coupling Distance 0.05 um,5041,97,40,1586.04357027,1588.01621992,1587.0298951,0.000120175319601,188.901582085,1.97264965271,0.000240350639201,12.7679230038,0.00155566439366,12.8037381896,0.0242359186828
mple 72  Diameter 100 um Coupling Distance 0.05 um,5041,98,42,1588.01621992,1589.98605812,1589.00113902,0.000158947573149,188.66723921,1.96983819669,0.000317895146297,12.8179290261,0.00206857627232,12.8037381896,0.0242359186828
mple 72  Diameter 100 um Coupling Distance 0.05 um,5041,100,43,1589.98605812,1591.96058515,1590.97332163,0.000154764767703,188.433365867,1.97452702685,0.000309529535407,12.8192527918,0.00200956500612,12.8037381896,0.0242359186828
mple 72  Diameter 100 um Coupling Distance 0.05 um,5041,114,57,1616.05866123,1618.10001691,1617.07933907,0.000253470060243,185.391310591,2.04135568335,0.000506940120486,12.8098479367,0.00318113647886,12.8037381896,0.0242359186828
