structure,measurement,left_fit_index,right_fit_index,left_resonance_wavelength_nm,right_resonance_wavelength_nm,center_wavelength_nm,sigma_center_wavelength_nm,center_frequency_thz,fsr_nm,sigma_fsr_nm,ng_pair,sigma_ng_pair,ng_fit,sigma_ng_fit
mple 88  Diameter 100 um Coupling Distance 0.15 um,5041,51,2,1521.92765155,1525.46215456,1523.69490305,4.78150848688e-05,196.753600343,3.53450300374,9.56301697376e-05,6.56852223676,0.000177719635769,3.9679797188,1.91595223213e-05
mple 88  Diameter 100 um Coupling Distance 0.15 um,5041,2,59,1525.46215456,1536.47381996,1530.96798726,3.64639588015e-05,195.818893991,11.011665403,7.2927917603e-05,2.12852724109,1.40971477801e-05,3.9679797188,1.91595223213e-05
mple 88  Diameter 100 um Coupling Distance 0.15 um,5041,59,9,1536.47381996,1538.32116756,1537.39749376,3.63598133311e-05,194.999965342,1.84734759697,7.27196266622e-05,12.7945117513,0.000503647928032,3.9679797188,1.91595223213e-05
mple 88  Diameter 100 um Coupling Distance 0.15 um,5041,9,60,1538.32116756,1538.32116756,1538.32116756,3.36932495007e-05,194.882879026,0,6.73864990014e-05,,,3.9679797188,1.91595223213e-05
mple 88  Diameter 100 um Coupling Distance 0.15 um,5041,60,10,1538.32116756,1540.18329335,1539.25223045,3.43340285572e-05,194.764998269,1.86212579383,6.86680571145e-05,12.7236164002,0.000469198514895,3.9679797188,1.91595223213e-05
mple 88  Diameter 100 um Coupling Distance 0.15 um,5041,10,61,1540.18329335,1540.18329335,1540.18329335,3.49630658269e-05,194.647260034,0,6.99261316539e-05,,,3.9679797188,1.91595223213e-05
mple 88  Diameter 100 um Coupling Distance 0.15 um,5041,61,12,1540.18329335,1543.90692235,1542.04510785,3.73435684064e-05,194.41224934,3.72362899774,7.46871368128e-05,6.38598291098,0.000128087994314,3.9679797188,1.91595223213e-05
mple 88  Diameter 100 um Coupling Distance 0.15 um,5041,12,73,1543.90692235,1562.77013427,1553.33852831,3.98210919142e-05,192.998791015,18.8632119223,7.96421838285e-05,1.27913559656,5.40102417351e-06,3.9679797188,1.91595223213e-05
mple 88  Diameter 100 um Coupling Distance 0.15 um,5041,73,23,1562.77013427,1564.68214375,1563.72613901,3.9617379784e-05,191.716727451,1.91200947551,7.9234759568e-05,12.7888458145,0.000529977436689,3.9679797188,1.91595223213e-05
